date,location,crime_type,count
2023-01-01,Downtown,Theft,7
2023-01-01,Downtown,Assault,7
2023-01-01,Downtown,Vandalism,2
2023-01-01,Downtown,Robbery,5
2023-01-02,Downtown,Theft,4
2023-01-02,Downtown,Assault,6
2023-01-02,Downtown,Burglary,5
2023-01-02,Downtown,Robbery,5
2023-01-03,Downtown,Theft,5
2023-01-03,Downtown,Assault,4
2023-01-03,Downtown,Burglary,9
2023-01-03,Downtown,Vandalism,2
2023-01-03,Downtown,Robbery,1
2023-01-04,Downtown,Theft,10
2023-01-04,Downtown,Assault,4
2023-01-04,Downtown,Burglary,4
2023-01-04,Downtown,Vandalism,3
2023-01-04,Downtown,Robbery,2
2023-01-05,Downtown,Theft,8
2023-01-05,Downtown,Assault,5
2023-01-05,Downtown,Burglary,1
2023-01-05,Downtown,Vandalism,4
2023-01-05,Downtown,Robbery,2
2023-01-06,Downtown,Theft,12
2023-01-06,Downtown,Assault,4
2023-01-06,Downtown,Burglary,2
2023-01-06,Downtown,Vandalism,1
2023-01-06,Downtown,Robbery,1
2023-01-07,Downtown,Theft,8
2023-01-07,Downtown,Assault,2
2023-01-07,Downtown,Burglary,6
2023-01-07,Downtown,Vandalism,5
2023-01-07,Downtown,Robbery,3
2023-01-08,Downtown,Theft,9
2023-01-08,Downtown,Assault,1
2023-01-08,Downtown,Burglary,9
2023-01-08,Downtown,Robbery,3
2023-01-09,Downtown,Theft,9
2023-01-09,Downtown,Assault,3
2023-01-09,Downtown,Burglary,3
2023-01-09,Downtown,Vandalism,2
2023-01-09,Downtown,Robbery,3
2023-01-10,Downtown,Theft,10
2023-01-10,Downtown,Assault,2
2023-01-10,Downtown,Burglary,7
2023-01-10,Downtown,Vandalism,1
2023-01-10,Downtown,Robbery,2
2023-01-11,Downtown,Theft,12
2023-01-11,Downtown,Assault,3
2023-01-11,Downtown,Burglary,3
2023-01-11,Downtown,Vandalism,1
2023-01-11,Downtown,Robbery,1
2023-01-12,Downtown,Theft,11
2023-01-12,Downtown,Assault,4
2023-01-12,Downtown,Vandalism,5
2023-01-13,Downtown,Theft,8
2023-01-13,Downtown,Assault,5
2023-01-13,Downtown,Burglary,7
2023-01-13,Downtown,Vandalism,2
2023-01-14,Downtown,Theft,7
2023-01-14,Downtown,Assault,2
2023-01-14,Downtown,Burglary,6
2023-01-14,Downtown,Robbery,2
2023-01-15,Downtown,Theft,9
2023-01-15,Downtown,Assault,2
2023-01-15,Downtown,Burglary,3
2023-01-15,Downtown,Vandalism,3
2023-01-15,Downtown,Robbery,1
2023-01-16,Downtown,Theft,5
2023-01-16,Downtown,Assault,6
2023-01-16,Downtown,Burglary,5
2023-01-16,Downtown,Robbery,4
2023-01-17,Downtown,Theft,14
2023-01-17,Downtown,Assault,2
2023-01-17,Downtown,Burglary,3
2023-01-17,Downtown,Robbery,1
2023-01-18,Downtown,Theft,11
2023-01-18,Downtown,Assault,2
2023-01-18,Downtown,Burglary,4
2023-01-18,Downtown,Vandalism,4
2023-01-18,Downtown,Robbery,1
2023-01-19,Downtown,Theft,12
2023-01-19,Downtown,Assault,2
2023-01-19,Downtown,Burglary,2
2023-01-19,Downtown,Vandalism,2
2023-01-19,Downtown,Robbery,2
2023-01-20,Downtown,Theft,8
2023-01-20,Downtown,Assault,2
2023-01-20,Downtown,Burglary,2
2023-01-20,Downtown,Vandalism,4
2023-01-20,Downtown,Robbery,3
2023-01-21,Downtown,Theft,10
2023-01-21,Downtown,Assault,5
2023-01-21,Downtown,Burglary,5
2023-01-21,Downtown,Vandalism,2
2023-01-21,Downtown,Robbery,3
2023-01-22,Downtown,Theft,9
2023-01-22,Downtown,Assault,3
2023-01-22,Downtown,Burglary,6
2023-01-22,Downtown,Vandalism,3
2023-01-22,Downtown,Robbery,1
2023-01-23,Downtown,Theft,6
2023-01-23,Downtown,Assault,1
2023-01-23,Downtown,Burglary,8
2023-01-23,Downtown,Vandalism,4
2023-01-23,Downtown,Robbery,3
2023-01-24,Downtown,Theft,9
2023-01-24,Downtown,Assault,1
2023-01-24,Downtown,Burglary,2
2023-01-24,Downtown,Vandalism,7
2023-01-25,Downtown,Theft,8
2023-01-25,Downtown,Assault,4
2023-01-25,Downtown,Burglary,4
2023-01-25,Downtown,Vandalism,3
2023-01-25,Downtown,Robbery,2
2023-01-26,Downtown,Theft,12
2023-01-26,Downtown,Assault,2
2023-01-26,Downtown,Burglary,4
2023-01-26,Downtown,Vandalism,2
2023-01-26,Downtown,Robbery,3
2023-01-27,Downtown,Theft,7
2023-01-27,Downtown,Assault,4
2023-01-27,Downtown,Burglary,6
2023-01-27,Downtown,Robbery,3
2023-01-28,Downtown,Theft,7
2023-01-28,Downtown,Assault,7
2023-01-28,Downtown,Burglary,4
2023-01-28,Downtown,Vandalism,4
2023-01-28,Downtown,Robbery,1
2023-01-29,Downtown,Theft,9
2023-01-29,Downtown,Assault,7
2023-01-29,Downtown,Burglary,3
2023-01-29,Downtown,Vandalism,2
2023-01-29,Downtown,Robbery,1
2023-01-30,Downtown,Theft,10
2023-01-30,Downtown,Assault,2
2023-01-30,Downtown,Burglary,2
2023-01-30,Downtown,Vandalism,6
2023-01-30,Downtown,Robbery,2
2023-01-31,Downtown,Theft,6
2023-01-31,Downtown,Assault,2
2023-01-31,Downtown,Burglary,4
2023-01-31,Downtown,Vandalism,5
2023-01-31,Downtown,Robbery,5
2023-02-01,Downtown,Theft,8
2023-02-01,Downtown,Assault,4
2023-02-01,Downtown,Burglary,9
2023-02-01,Downtown,Vandalism,4
2023-02-01,Downtown,Robbery,2
2023-02-02,Downtown,Theft,10
2023-02-02,Downtown,Assault,2
2023-02-02,Downtown,Burglary,3
2023-02-02,Downtown,Vandalism,7
2023-02-02,Downtown,Robbery,1
2023-02-03,Downtown,Theft,6
2023-02-03,Downtown,Assault,3
2023-02-03,Downtown,Burglary,4
2023-02-03,Downtown,Vandalism,7
2023-02-03,Downtown,Robbery,1
2023-02-04,Downtown,Theft,7
2023-02-04,Downtown,Assault,4
2023-02-04,Downtown,Burglary,5
2023-02-04,Downtown,Vandalism,6
2023-02-04,Downtown,Robbery,3
2023-02-05,Downtown,Theft,8
2023-02-05,Downtown,Assault,4
2023-02-05,Downtown,Burglary,1
2023-02-05,Downtown,Vandalism,4
2023-02-05,Downtown,Robbery,4
2023-02-06,Downtown,Theft,10
2023-02-06,Downtown,Assault,1
2023-02-06,Downtown,Burglary,8
2023-02-06,Downtown,Vandalism,1
2023-02-06,Downtown,Robbery,4
2023-02-07,Downtown,Theft,5
2023-02-07,Downtown,Assault,3
2023-02-07,Downtown,Burglary,7
2023-02-07,Downtown,Vandalism,2
2023-02-07,Downtown,Robbery,3
2023-02-08,Downtown,Theft,6
2023-02-08,Downtown,Assault,2
2023-02-08,Downtown,Burglary,5
2023-02-08,Downtown,Vandalism,5
2023-02-08,Downtown,Robbery,3
2023-02-09,Downtown,Theft,10
2023-02-09,Downtown,Assault,3
2023-02-09,Downtown,Burglary,5
2023-02-09,Downtown,Vandalism,3
2023-02-09,Downtown,Robbery,3
2023-02-10,Downtown,Theft,6
2023-02-10,Downtown,Assault,3
2023-02-10,Downtown,Burglary,8
2023-02-10,Downtown,Vandalism,3
2023-02-10,Downtown,Robbery,5
2023-02-11,Downtown,Theft,10
2023-02-11,Downtown,Assault,4
2023-02-11,Downtown,Burglary,3
2023-02-11,Downtown,Vandalism,4
2023-02-11,Downtown,Robbery,3
2023-02-12,Downtown,Theft,10
2023-02-12,Downtown,Assault,2
2023-02-12,Downtown,Burglary,4
2023-02-12,Downtown,Vandalism,5
2023-02-12,Downtown,Robbery,3
2023-02-13,Downtown,Theft,5
2023-02-13,Downtown,Assault,4
2023-02-13,Downtown,Burglary,5
2023-02-13,Downtown,Vandalism,6
2023-02-13,Downtown,Robbery,3
2023-02-14,Downtown,Theft,6
2023-02-14,Downtown,Assault,6
2023-02-14,Downtown,Burglary,4
2023-02-14,Downtown,Vandalism,3
2023-02-14,Downtown,Robbery,2
2023-02-15,Downtown,Theft,11
2023-02-15,Downtown,Assault,3
2023-02-15,Downtown,Burglary,2
2023-02-15,Downtown,Vandalism,4
2023-02-15,Downtown,Robbery,3
2023-02-16,Downtown,Theft,10
2023-02-16,Downtown,Assault,4
2023-02-16,Downtown,Burglary,4
2023-02-16,Downtown,Vandalism,4
2023-02-16,Downtown,Robbery,1
2023-02-17,Downtown,Theft,9
2023-02-17,Downtown,Assault,4
2023-02-17,Downtown,Burglary,6
2023-02-17,Downtown,Vandalism,4
2023-02-17,Downtown,Robbery,3
2023-02-18,Downtown,Theft,9
2023-02-18,Downtown,Assault,8
2023-02-18,Downtown,Burglary,4
2023-02-18,Downtown,Vandalism,3
2023-02-18,Downtown,Robbery,1
2023-02-19,Downtown,Theft,6
2023-02-19,Downtown,Assault,2
2023-02-19,Downtown,Burglary,5
2023-02-19,Downtown,Vandalism,6
2023-02-19,Downtown,Robbery,2
2023-02-20,Downtown,Theft,8
2023-02-20,Downtown,Assault,3
2023-02-20,Downtown,Burglary,4
2023-02-20,Downtown,Vandalism,4
2023-02-20,Downtown,Robbery,6
2023-02-21,Downtown,Theft,6
2023-02-21,Downtown,Assault,5
2023-02-21,Downtown,Burglary,5
2023-02-21,Downtown,Vandalism,2
2023-02-21,Downtown,Robbery,6
2023-02-22,Downtown,Theft,6
2023-02-22,Downtown,Assault,4
2023-02-22,Downtown,Burglary,9
2023-02-22,Downtown,Vandalism,1
2023-02-22,Downtown,Robbery,3
2023-02-23,Downtown,Theft,13
2023-02-23,Downtown,Assault,2
2023-02-23,Downtown,Burglary,3
2023-02-23,Downtown,Vandalism,4
2023-02-23,Downtown,Robbery,4
2023-02-24,Downtown,Theft,15
2023-02-24,Downtown,Assault,3
2023-02-24,Downtown,Burglary,4
2023-02-24,Downtown,Vandalism,4
2023-02-24,Downtown,Robbery,1
2023-02-25,Downtown,Theft,13
2023-02-25,Downtown,Assault,2
2023-02-25,Downtown,Burglary,5
2023-02-25,Downtown,Vandalism,4
2023-02-25,Downtown,Robbery,3
2023-02-26,Downtown,Theft,9
2023-02-26,Downtown,Assault,2
2023-02-26,Downtown,Burglary,3
2023-02-26,Downtown,Vandalism,5
2023-02-26,Downtown,Robbery,4
2023-02-27,Downtown,Theft,8
2023-02-27,Downtown,Assault,4
2023-02-27,Downtown,Burglary,4
2023-02-27,Downtown,Vandalism,5
2023-02-27,Downtown,Robbery,3
2023-02-28,Downtown,Theft,11
2023-02-28,Downtown,Assault,1
2023-02-28,Downtown,Burglary,5
2023-02-28,Downtown,Vandalism,7
2023-02-28,Downtown,Robbery,2
2023-03-01,Downtown,Theft,7
2023-03-01,Downtown,Assault,10
2023-03-01,Downtown,Burglary,4
2023-03-01,Downtown,Vandalism,3
2023-03-01,Downtown,Robbery,3
2023-03-02,Downtown,Theft,8
2023-03-02,Downtown,Assault,5
2023-03-02,Downtown,Burglary,6
2023-03-02,Downtown,Vandalism,3
2023-03-02,Downtown,Robbery,2
2023-03-03,Downtown,Theft,10
2023-03-03,Downtown,Assault,3
2023-03-03,Downtown,Burglary,5
2023-03-03,Downtown,Vandalism,2
2023-03-03,Downtown,Robbery,5
2023-03-04,Downtown,Theft,11
2023-03-04,Downtown,Assault,6
2023-03-04,Downtown,Burglary,1
2023-03-04,Downtown,Vandalism,2
2023-03-04,Downtown,Robbery,3
2023-03-05,Downtown,Theft,13
2023-03-05,Downtown,Assault,1
2023-03-05,Downtown,Burglary,2
2023-03-05,Downtown,Vandalism,3
2023-03-05,Downtown,Robbery,4
2023-03-06,Downtown,Theft,11
2023-03-06,Downtown,Assault,6
2023-03-06,Downtown,Burglary,3
2023-03-06,Downtown,Vandalism,3
2023-03-06,Downtown,Robbery,4
2023-03-07,Downtown,Theft,9
2023-03-07,Downtown,Assault,3
2023-03-07,Downtown,Burglary,5
2023-03-07,Downtown,Vandalism,5
2023-03-07,Downtown,Robbery,6
2023-03-08,Downtown,Theft,11
2023-03-08,Downtown,Assault,4
2023-03-08,Downtown,Burglary,4
2023-03-08,Downtown,Vandalism,2
2023-03-08,Downtown,Robbery,4
2023-03-09,Downtown,Theft,10
2023-03-09,Downtown,Assault,6
2023-03-09,Downtown,Burglary,5
2023-03-09,Downtown,Vandalism,5
2023-03-09,Downtown,Robbery,2
2023-03-10,Downtown,Theft,10
2023-03-10,Downtown,Assault,3
2023-03-10,Downtown,Burglary,7
2023-03-10,Downtown,Vandalism,4
2023-03-10,Downtown,Robbery,2
2023-03-11,Downtown,Theft,8
2023-03-11,Downtown,Assault,6
2023-03-11,Downtown,Burglary,4
2023-03-11,Downtown,Vandalism,4
2023-03-11,Downtown,Robbery,2
2023-03-12,Downtown,Theft,14
2023-03-12,Downtown,Assault,3
2023-03-12,Downtown,Burglary,2
2023-03-12,Downtown,Vandalism,2
2023-03-12,Downtown,Robbery,5
2023-03-13,Downtown,Theft,12
2023-03-13,Downtown,Assault,3
2023-03-13,Downtown,Burglary,4
2023-03-13,Downtown,Vandalism,5
2023-03-13,Downtown,Robbery,5
2023-03-14,Downtown,Theft,11
2023-03-14,Downtown,Assault,4
2023-03-14,Downtown,Burglary,7
2023-03-14,Downtown,Vandalism,2
2023-03-14,Downtown,Robbery,2
2023-03-15,Downtown,Theft,9
2023-03-15,Downtown,Assault,4
2023-03-15,Downtown,Burglary,6
2023-03-15,Downtown,Vandalism,5
2023-03-15,Downtown,Robbery,5
2023-03-16,Downtown,Theft,4
2023-03-16,Downtown,Assault,4
2023-03-16,Downtown,Burglary,7
2023-03-16,Downtown,Vandalism,2
2023-03-16,Downtown,Robbery,4
2023-03-17,Downtown,Theft,10
2023-03-17,Downtown,Assault,6
2023-03-17,Downtown,Burglary,3
2023-03-17,Downtown,Vandalism,3
2023-03-17,Downtown,Robbery,5
2023-03-18,Downtown,Theft,8
2023-03-18,Downtown,Assault,4
2023-03-18,Downtown,Burglary,8
2023-03-18,Downtown,Vandalism,5
2023-03-18,Downtown,Robbery,1
2023-03-19,Downtown,Theft,8
2023-03-19,Downtown,Assault,5
2023-03-19,Downtown,Burglary,6
2023-03-19,Downtown,Vandalism,3
2023-03-19,Downtown,Robbery,3
2023-03-20,Downtown,Theft,12
2023-03-20,Downtown,Assault,4
2023-03-20,Downtown,Burglary,3
2023-03-20,Downtown,Vandalism,5
2023-03-20,Downtown,Robbery,2
2023-03-21,Downtown,Theft,7
2023-03-21,Downtown,Assault,6
2023-03-21,Downtown,Burglary,4
2023-03-21,Downtown,Vandalism,3
2023-03-21,Downtown,Robbery,2
2023-03-22,Downtown,Theft,10
2023-03-22,Downtown,Assault,7
2023-03-22,Downtown,Burglary,2
2023-03-22,Downtown,Vandalism,4
2023-03-22,Downtown,Robbery,3
2023-03-23,Downtown,Theft,11
2023-03-23,Downtown,Assault,4
2023-03-23,Downtown,Burglary,2
2023-03-23,Downtown,Vandalism,4
2023-03-23,Downtown,Robbery,6
2023-03-24,Downtown,Theft,16
2023-03-24,Downtown,Assault,3
2023-03-24,Downtown,Burglary,5
2023-03-24,Downtown,Vandalism,1
2023-03-24,Downtown,Robbery,4
2023-03-25,Downtown,Theft,11
2023-03-25,Downtown,Assault,2
2023-03-25,Downtown,Burglary,6
2023-03-25,Downtown,Vandalism,3
2023-03-25,Downtown,Robbery,3
2023-03-26,Downtown,Theft,9
2023-03-26,Downtown,Assault,5
2023-03-26,Downtown,Burglary,7
2023-03-26,Downtown,Vandalism,1
2023-03-26,Downtown,Robbery,3
2023-03-27,Downtown,Theft,10
2023-03-27,Downtown,Assault,2
2023-03-27,Downtown,Burglary,10
2023-03-27,Downtown,Vandalism,1
2023-03-27,Downtown,Robbery,2
2023-03-28,Downtown,Theft,8
2023-03-28,Downtown,Assault,8
2023-03-28,Downtown,Burglary,7
2023-03-28,Downtown,Vandalism,3
2023-03-28,Downtown,Robbery,2
2023-03-29,Downtown,Theft,11
2023-03-29,Downtown,Assault,3
2023-03-29,Downtown,Burglary,3
2023-03-29,Downtown,Vandalism,7
2023-03-29,Downtown,Robbery,3
2023-03-30,Downtown,Theft,12
2023-03-30,Downtown,Burglary,5
2023-03-30,Downtown,Vandalism,5
2023-03-30,Downtown,Robbery,3
2023-03-31,Downtown,Theft,11
2023-03-31,Downtown,Assault,6
2023-03-31,Downtown,Burglary,4
2023-03-31,Downtown,Vandalism,4
2023-03-31,Downtown,Robbery,2
2023-04-01,Downtown,Theft,12
2023-04-01,Downtown,Assault,3
2023-04-01,Downtown,Burglary,4
2023-04-01,Downtown,Vandalism,4
2023-04-01,Downtown,Robbery,3
2023-04-02,Downtown,Theft,8
2023-04-02,Downtown,Assault,3
2023-04-02,Downtown,Burglary,8
2023-04-02,Downtown,Vandalism,6
2023-04-02,Downtown,Robbery,3
2023-04-03,Downtown,Theft,13
2023-04-03,Downtown,Assault,2
2023-04-03,Downtown,Burglary,5
2023-04-03,Downtown,Vandalism,3
2023-04-03,Downtown,Robbery,2
2023-04-04,Downtown,Theft,5
2023-04-04,Downtown,Assault,6
2023-04-04,Downtown,Burglary,5
2023-04-04,Downtown,Vandalism,3
2023-04-04,Downtown,Robbery,7
2023-04-05,Downtown,Theft,8
2023-04-05,Downtown,Assault,4
2023-04-05,Downtown,Burglary,4
2023-04-05,Downtown,Vandalism,2
2023-04-05,Downtown,Robbery,8
2023-04-06,Downtown,Theft,9
2023-04-06,Downtown,Assault,4
2023-04-06,Downtown,Burglary,2
2023-04-06,Downtown,Vandalism,4
2023-04-06,Downtown,Robbery,4
2023-04-07,Downtown,Theft,9
2023-04-07,Downtown,Assault,7
2023-04-07,Downtown,Burglary,4
2023-04-07,Downtown,Vandalism,5
2023-04-07,Downtown,Robbery,2
2023-04-08,Downtown,Theft,6
2023-04-08,Downtown,Assault,5
2023-04-08,Downtown,Burglary,7
2023-04-08,Downtown,Vandalism,8
2023-04-08,Downtown,Robbery,1
2023-04-09,Downtown,Theft,12
2023-04-09,Downtown,Assault,3
2023-04-09,Downtown,Burglary,5
2023-04-09,Downtown,Vandalism,4
2023-04-09,Downtown,Robbery,2
2023-04-10,Downtown,Theft,10
2023-04-10,Downtown,Assault,4
2023-04-10,Downtown,Burglary,4
2023-04-10,Downtown,Vandalism,6
2023-04-10,Downtown,Robbery,2
2023-04-11,Downtown,Theft,12
2023-04-11,Downtown,Assault,5
2023-04-11,Downtown,Burglary,2
2023-04-11,Downtown,Vandalism,3
2023-04-11,Downtown,Robbery,1
2023-04-12,Downtown,Theft,11
2023-04-12,Downtown,Assault,3
2023-04-12,Downtown,Burglary,2
2023-04-12,Downtown,Vandalism,7
2023-04-12,Downtown,Robbery,2
2023-04-13,Downtown,Theft,12
2023-04-13,Downtown,Assault,4
2023-04-13,Downtown,Burglary,2
2023-04-13,Downtown,Vandalism,6
2023-04-13,Downtown,Robbery,2
2023-04-14,Downtown,Theft,8
2023-04-14,Downtown,Assault,5
2023-04-14,Downtown,Burglary,2
2023-04-14,Downtown,Vandalism,8
2023-04-14,Downtown,Robbery,2
2023-04-15,Downtown,Theft,12
2023-04-15,Downtown,Assault,2
2023-04-15,Downtown,Burglary,6
2023-04-15,Downtown,Vandalism,4
2023-04-15,Downtown,Robbery,2
2023-04-16,Downtown,Theft,8
2023-04-16,Downtown,Assault,3
2023-04-16,Downtown,Burglary,8
2023-04-16,Downtown,Vandalism,3
2023-04-16,Downtown,Robbery,5
2023-04-17,Downtown,Theft,15
2023-04-17,Downtown,Assault,3
2023-04-17,Downtown,Burglary,6
2023-04-17,Downtown,Vandalism,5
2023-04-17,Downtown,Robbery,1
2023-04-18,Downtown,Theft,9
2023-04-18,Downtown,Assault,7
2023-04-18,Downtown,Burglary,1
2023-04-18,Downtown,Vandalism,8
2023-04-18,Downtown,Robbery,2
2023-04-19,Downtown,Theft,9
2023-04-19,Downtown,Assault,1
2023-04-19,Downtown,Burglary,6
2023-04-19,Downtown,Vandalism,6
2023-04-19,Downtown,Robbery,5
2023-04-20,Downtown,Theft,10
2023-04-20,Downtown,Assault,6
2023-04-20,Downtown,Burglary,6
2023-04-20,Downtown,Vandalism,3
2023-04-20,Downtown,Robbery,1
2023-04-21,Downtown,Theft,7
2023-04-21,Downtown,Assault,3
2023-04-21,Downtown,Burglary,6
2023-04-21,Downtown,Vandalism,4
2023-04-21,Downtown,Robbery,2
2023-04-22,Downtown,Theft,11
2023-04-22,Downtown,Assault,3
2023-04-22,Downtown,Burglary,6
2023-04-22,Downtown,Vandalism,4
2023-04-22,Downtown,Robbery,2
2023-04-23,Downtown,Theft,9
2023-04-23,Downtown,Assault,7
2023-04-23,Downtown,Burglary,6
2023-04-23,Downtown,Vandalism,3
2023-04-23,Downtown,Robbery,1
2023-04-24,Downtown,Theft,15
2023-04-24,Downtown,Assault,4
2023-04-24,Downtown,Burglary,7
2023-04-24,Downtown,Vandalism,2
2023-04-24,Downtown,Robbery,3
2023-04-25,Downtown,Theft,10
2023-04-25,Downtown,Assault,1
2023-04-25,Downtown,Burglary,5
2023-04-25,Downtown,Vandalism,6
2023-04-25,Downtown,Robbery,4
2023-04-26,Downtown,Theft,12
2023-04-26,Downtown,Assault,3
2023-04-26,Downtown,Burglary,3
2023-04-26,Downtown,Vandalism,4
2023-04-26,Downtown,Robbery,5
2023-04-27,Downtown,Theft,16
2023-04-27,Downtown,Assault,3
2023-04-27,Downtown,Burglary,2
2023-04-27,Downtown,Vandalism,4
2023-04-27,Downtown,Robbery,1
2023-04-28,Downtown,Theft,5
2023-04-28,Downtown,Assault,7
2023-04-28,Downtown,Burglary,3
2023-04-28,Downtown,Vandalism,5
2023-04-28,Downtown,Robbery,4
2023-04-29,Downtown,Theft,10
2023-04-29,Downtown,Assault,5
2023-04-29,Downtown,Burglary,6
2023-04-29,Downtown,Vandalism,3
2023-04-29,Downtown,Robbery,4
2023-04-30,Downtown,Theft,9
2023-04-30,Downtown,Assault,1
2023-04-30,Downtown,Burglary,6
2023-04-30,Downtown,Vandalism,5
2023-04-30,Downtown,Robbery,7
2023-05-01,Downtown,Theft,14
2023-05-01,Downtown,Assault,4
2023-05-01,Downtown,Burglary,5
2023-05-01,Downtown,Vandalism,3
2023-05-01,Downtown,Robbery,2
2023-05-02,Downtown,Theft,7
2023-05-02,Downtown,Assault,7
2023-05-02,Downtown,Burglary,4
2023-05-02,Downtown,Vandalism,4
2023-05-02,Downtown,Robbery,2
2023-05-03,Downtown,Theft,12
2023-05-03,Downtown,Assault,1
2023-05-03,Downtown,Burglary,5
2023-05-03,Downtown,Vandalism,6
2023-05-03,Downtown,Robbery,5
2023-05-04,Downtown,Theft,6
2023-05-04,Downtown,Assault,5
2023-05-04,Downtown,Burglary,4
2023-05-04,Downtown,Vandalism,5
2023-05-04,Downtown,Robbery,3
2023-05-05,Downtown,Theft,9
2023-05-05,Downtown,Assault,4
2023-05-05,Downtown,Burglary,7
2023-05-05,Downtown,Vandalism,5
2023-05-05,Downtown,Robbery,2
2023-05-06,Downtown,Theft,12
2023-05-06,Downtown,Assault,4
2023-05-06,Downtown,Burglary,7
2023-05-06,Downtown,Vandalism,2
2023-05-06,Downtown,Robbery,5
2023-05-07,Downtown,Theft,11
2023-05-07,Downtown,Assault,2
2023-05-07,Downtown,Burglary,2
2023-05-07,Downtown,Vandalism,6
2023-05-07,Downtown,Robbery,3
2023-05-08,Downtown,Theft,11
2023-05-08,Downtown,Assault,1
2023-05-08,Downtown,Burglary,6
2023-05-08,Downtown,Vandalism,4
2023-05-08,Downtown,Robbery,3
2023-05-09,Downtown,Theft,9
2023-05-09,Downtown,Assault,6
2023-05-09,Downtown,Burglary,3
2023-05-09,Downtown,Vandalism,7
2023-05-09,Downtown,Robbery,1
2023-05-10,Downtown,Theft,11
2023-05-10,Downtown,Assault,3
2023-05-10,Downtown,Burglary,6
2023-05-10,Downtown,Vandalism,3
2023-05-10,Downtown,Robbery,2
2023-05-11,Downtown,Theft,8
2023-05-11,Downtown,Assault,5
2023-05-11,Downtown,Burglary,6
2023-05-11,Downtown,Vandalism,2
2023-05-11,Downtown,Robbery,2
2023-05-12,Downtown,Theft,9
2023-05-12,Downtown,Assault,5
2023-05-12,Downtown,Burglary,5
2023-05-12,Downtown,Vandalism,6
2023-05-12,Downtown,Robbery,1
2023-05-13,Downtown,Theft,12
2023-05-13,Downtown,Assault,1
2023-05-13,Downtown,Burglary,7
2023-05-13,Downtown,Vandalism,2
2023-05-13,Downtown,Robbery,1
2023-05-14,Downtown,Theft,9
2023-05-14,Downtown,Assault,5
2023-05-14,Downtown,Burglary,8
2023-05-14,Downtown,Vandalism,2
2023-05-14,Downtown,Robbery,3
2023-05-15,Downtown,Theft,12
2023-05-15,Downtown,Assault,4
2023-05-15,Downtown,Burglary,4
2023-05-15,Downtown,Vandalism,1
2023-05-15,Downtown,Robbery,3
2023-05-16,Downtown,Theft,10
2023-05-16,Downtown,Assault,5
2023-05-16,Downtown,Burglary,5
2023-05-16,Downtown,Vandalism,2
2023-05-16,Downtown,Robbery,7
2023-05-17,Downtown,Theft,13
2023-05-17,Downtown,Burglary,6
2023-05-17,Downtown,Vandalism,1
2023-05-17,Downtown,Robbery,4
2023-05-18,Downtown,Theft,8
2023-05-18,Downtown,Assault,4
2023-05-18,Downtown,Burglary,8
2023-05-18,Downtown,Vandalism,5
2023-05-19,Downtown,Theft,12
2023-05-19,Downtown,Assault,3
2023-05-19,Downtown,Burglary,8
2023-05-19,Downtown,Vandalism,1
2023-05-19,Downtown,Robbery,3
2023-05-20,Downtown,Theft,13
2023-05-20,Downtown,Assault,2
2023-05-20,Downtown,Burglary,5
2023-05-20,Downtown,Vandalism,1
2023-05-20,Downtown,Robbery,2
2023-05-21,Downtown,Theft,9
2023-05-21,Downtown,Assault,6
2023-05-21,Downtown,Burglary,2
2023-05-21,Downtown,Vandalism,5
2023-05-21,Downtown,Robbery,4
2023-05-22,Downtown,Theft,9
2023-05-22,Downtown,Assault,3
2023-05-22,Downtown,Burglary,4
2023-05-22,Downtown,Vandalism,6
2023-05-22,Downtown,Robbery,6
2023-05-23,Downtown,Theft,8
2023-05-23,Downtown,Assault,4
2023-05-23,Downtown,Burglary,2
2023-05-23,Downtown,Vandalism,6
2023-05-23,Downtown,Robbery,2
2023-05-24,Downtown,Theft,10
2023-05-24,Downtown,Assault,5
2023-05-24,Downtown,Burglary,4
2023-05-24,Downtown,Vandalism,3
2023-05-24,Downtown,Robbery,3
2023-05-25,Downtown,Theft,13
2023-05-25,Downtown,Assault,4
2023-05-25,Downtown,Burglary,3
2023-05-25,Downtown,Vandalism,6
2023-05-26,Downtown,Theft,14
2023-05-26,Downtown,Burglary,8
2023-05-26,Downtown,Vandalism,3
2023-05-26,Downtown,Robbery,2
2023-05-27,Downtown,Theft,12
2023-05-27,Downtown,Assault,4
2023-05-27,Downtown,Burglary,6
2023-05-28,Downtown,Theft,8
2023-05-28,Downtown,Assault,5
2023-05-28,Downtown,Burglary,4
2023-05-28,Downtown,Vandalism,3
2023-05-28,Downtown,Robbery,2
2023-05-29,Downtown,Theft,11
2023-05-29,Downtown,Assault,6
2023-05-29,Downtown,Burglary,7
2023-05-29,Downtown,Vandalism,1
2023-05-29,Downtown,Robbery,1
2023-05-30,Downtown,Theft,9
2023-05-30,Downtown,Assault,4
2023-05-30,Downtown,Burglary,6
2023-05-30,Downtown,Vandalism,4
2023-05-30,Downtown,Robbery,2
2023-05-31,Downtown,Theft,7
2023-05-31,Downtown,Assault,4
2023-05-31,Downtown,Burglary,5
2023-05-31,Downtown,Vandalism,6
2023-05-31,Downtown,Robbery,3
2023-06-01,Downtown,Theft,8
2023-06-01,Downtown,Assault,1
2023-06-01,Downtown,Burglary,3
2023-06-01,Downtown,Vandalism,4
2023-06-01,Downtown,Robbery,9
2023-06-02,Downtown,Theft,9
2023-06-02,Downtown,Assault,3
2023-06-02,Downtown,Burglary,6
2023-06-02,Downtown,Vandalism,4
2023-06-02,Downtown,Robbery,1
2023-06-03,Downtown,Theft,14
2023-06-03,Downtown,Assault,4
2023-06-03,Downtown,Burglary,1
2023-06-03,Downtown,Vandalism,4
2023-06-03,Downtown,Robbery,2
2023-06-04,Downtown,Theft,13
2023-06-04,Downtown,Assault,5
2023-06-04,Downtown,Burglary,3
2023-06-04,Downtown,Vandalism,2
2023-06-04,Downtown,Robbery,2
2023-06-05,Downtown,Theft,7
2023-06-05,Downtown,Assault,8
2023-06-05,Downtown,Burglary,3
2023-06-05,Downtown,Vandalism,1
2023-06-05,Downtown,Robbery,4
2023-06-06,Downtown,Theft,12
2023-06-06,Downtown,Assault,4
2023-06-06,Downtown,Burglary,5
2023-06-06,Downtown,Vandalism,5
2023-06-06,Downtown,Robbery,2
2023-06-07,Downtown,Theft,8
2023-06-07,Downtown,Assault,3
2023-06-07,Downtown,Burglary,5
2023-06-07,Downtown,Vandalism,4
2023-06-07,Downtown,Robbery,5
2023-06-08,Downtown,Theft,8
2023-06-08,Downtown,Assault,1
2023-06-08,Downtown,Burglary,9
2023-06-08,Downtown,Vandalism,1
2023-06-08,Downtown,Robbery,3
2023-06-09,Downtown,Theft,14
2023-06-09,Downtown,Assault,7
2023-06-09,Downtown,Burglary,1
2023-06-09,Downtown,Vandalism,2
2023-06-09,Downtown,Robbery,1
2023-06-10,Downtown,Theft,10
2023-06-10,Downtown,Assault,4
2023-06-10,Downtown,Burglary,2
2023-06-10,Downtown,Vandalism,3
2023-06-10,Downtown,Robbery,3
2023-06-11,Downtown,Theft,8
2023-06-11,Downtown,Assault,3
2023-06-11,Downtown,Burglary,7
2023-06-11,Downtown,Vandalism,5
2023-06-11,Downtown,Robbery,3
2023-06-12,Downtown,Theft,11
2023-06-12,Downtown,Assault,2
2023-06-12,Downtown,Burglary,8
2023-06-12,Downtown,Vandalism,4
2023-06-12,Downtown,Robbery,1
2023-06-13,Downtown,Theft,6
2023-06-13,Downtown,Assault,6
2023-06-13,Downtown,Burglary,7
2023-06-13,Downtown,Vandalism,1
2023-06-13,Downtown,Robbery,2
2023-06-14,Downtown,Theft,13
2023-06-14,Downtown,Assault,4
2023-06-14,Downtown,Burglary,4
2023-06-14,Downtown,Vandalism,4
2023-06-14,Downtown,Robbery,1
2023-06-15,Downtown,Theft,9
2023-06-15,Downtown,Assault,3
2023-06-15,Downtown,Burglary,5
2023-06-15,Downtown,Vandalism,4
2023-06-15,Downtown,Robbery,4
2023-06-16,Downtown,Theft,10
2023-06-16,Downtown,Assault,2
2023-06-16,Downtown,Burglary,4
2023-06-16,Downtown,Vandalism,5
2023-06-16,Downtown,Robbery,4
2023-06-17,Downtown,Theft,7
2023-06-17,Downtown,Assault,7
2023-06-17,Downtown,Burglary,6
2023-06-17,Downtown,Vandalism,4
2023-06-17,Downtown,Robbery,3
2023-06-18,Downtown,Theft,10
2023-06-18,Downtown,Assault,5
2023-06-18,Downtown,Burglary,3
2023-06-18,Downtown,Vandalism,3
2023-06-18,Downtown,Robbery,2
2023-06-19,Downtown,Theft,9
2023-06-19,Downtown,Assault,2
2023-06-19,Downtown,Burglary,7
2023-06-19,Downtown,Vandalism,2
2023-06-19,Downtown,Robbery,2
2023-06-20,Downtown,Theft,10
2023-06-20,Downtown,Assault,5
2023-06-20,Downtown,Burglary,5
2023-06-20,Downtown,Vandalism,1
2023-06-20,Downtown,Robbery,1
2023-06-21,Downtown,Theft,11
2023-06-21,Downtown,Assault,3
2023-06-21,Downtown,Burglary,4
2023-06-21,Downtown,Vandalism,2
2023-06-21,Downtown,Robbery,2
2023-06-22,Downtown,Theft,11
2023-06-22,Downtown,Assault,2
2023-06-22,Downtown,Burglary,6
2023-06-22,Downtown,Vandalism,1
2023-06-22,Downtown,Robbery,3
2023-06-23,Downtown,Theft,5
2023-06-23,Downtown,Assault,7
2023-06-23,Downtown,Burglary,3
2023-06-23,Downtown,Vandalism,6
2023-06-23,Downtown,Robbery,3
2023-06-24,Downtown,Theft,11
2023-06-24,Downtown,Assault,2
2023-06-24,Downtown,Burglary,6
2023-06-24,Downtown,Vandalism,2
2023-06-24,Downtown,Robbery,3
2023-06-25,Downtown,Theft,10
2023-06-25,Downtown,Burglary,6
2023-06-25,Downtown,Vandalism,5
2023-06-25,Downtown,Robbery,4
2023-06-26,Downtown,Theft,14
2023-06-26,Downtown,Assault,3
2023-06-26,Downtown,Burglary,2
2023-06-26,Downtown,Vandalism,2
2023-06-26,Downtown,Robbery,2
2023-06-27,Downtown,Theft,11
2023-06-27,Downtown,Assault,5
2023-06-27,Downtown,Burglary,3
2023-06-27,Downtown,Vandalism,3
2023-06-27,Downtown,Robbery,4
2023-06-28,Downtown,Theft,9
2023-06-28,Downtown,Assault,6
2023-06-28,Downtown,Burglary,3
2023-06-28,Downtown,Vandalism,2
2023-06-28,Downtown,Robbery,2
2023-06-29,Downtown,Theft,15
2023-06-29,Downtown,Assault,1
2023-06-29,Downtown,Burglary,8
2023-06-29,Downtown,Vandalism,2
2023-06-29,Downtown,Robbery,2
2023-06-30,Downtown,Theft,6
2023-06-30,Downtown,Assault,3
2023-06-30,Downtown,Burglary,8
2023-06-30,Downtown,Vandalism,6
2023-06-30,Downtown,Robbery,1
2023-07-01,Downtown,Theft,9
2023-07-01,Downtown,Assault,2
2023-07-01,Downtown,Burglary,5
2023-07-01,Downtown,Vandalism,5
2023-07-02,Downtown,Theft,10
2023-07-02,Downtown,Assault,5
2023-07-02,Downtown,Burglary,4
2023-07-02,Downtown,Robbery,1
2023-07-03,Downtown,Theft,7
2023-07-03,Downtown,Assault,5
2023-07-03,Downtown,Burglary,2
2023-07-03,Downtown,Vandalism,8
2023-07-03,Downtown,Robbery,1
2023-07-04,Downtown,Theft,8
2023-07-04,Downtown,Assault,3
2023-07-04,Downtown,Burglary,6
2023-07-04,Downtown,Vandalism,2
2023-07-04,Downtown,Robbery,3
2023-07-05,Downtown,Theft,9
2023-07-05,Downtown,Assault,3
2023-07-05,Downtown,Burglary,10
2023-07-05,Downtown,Vandalism,1
2023-07-05,Downtown,Robbery,1
2023-07-06,Downtown,Theft,9
2023-07-06,Downtown,Assault,2
2023-07-06,Downtown,Burglary,7
2023-07-06,Downtown,Vandalism,2
2023-07-06,Downtown,Robbery,3
2023-07-07,Downtown,Theft,7
2023-07-07,Downtown,Assault,2
2023-07-07,Downtown,Burglary,7
2023-07-07,Downtown,Vandalism,3
2023-07-07,Downtown,Robbery,3
2023-07-08,Downtown,Theft,7
2023-07-08,Downtown,Assault,6
2023-07-08,Downtown,Burglary,2
2023-07-08,Downtown,Vandalism,3
2023-07-08,Downtown,Robbery,2
2023-07-09,Downtown,Theft,11
2023-07-09,Downtown,Assault,2
2023-07-09,Downtown,Burglary,3
2023-07-09,Downtown,Vandalism,2
2023-07-09,Downtown,Robbery,1
2023-07-10,Downtown,Theft,7
2023-07-10,Downtown,Assault,7
2023-07-10,Downtown,Burglary,3
2023-07-10,Downtown,Vandalism,1
2023-07-10,Downtown,Robbery,3
2023-07-11,Downtown,Theft,8
2023-07-11,Downtown,Assault,3
2023-07-11,Downtown,Burglary,3
2023-07-11,Downtown,Vandalism,5
2023-07-11,Downtown,Robbery,5
2023-07-12,Downtown,Theft,8
2023-07-12,Downtown,Assault,5
2023-07-12,Downtown,Burglary,4
2023-07-12,Downtown,Vandalism,1
2023-07-12,Downtown,Robbery,4
2023-07-13,Downtown,Theft,6
2023-07-13,Downtown,Assault,5
2023-07-13,Downtown,Burglary,5
2023-07-13,Downtown,Vandalism,1
2023-07-13,Downtown,Robbery,2
2023-07-14,Downtown,Theft,11
2023-07-14,Downtown,Assault,4
2023-07-14,Downtown,Burglary,4
2023-07-14,Downtown,Vandalism,3
2023-07-15,Downtown,Theft,5
2023-07-15,Downtown,Assault,7
2023-07-15,Downtown,Burglary,5
2023-07-15,Downtown,Vandalism,2
2023-07-15,Downtown,Robbery,3
2023-07-16,Downtown,Theft,8
2023-07-16,Downtown,Assault,1
2023-07-16,Downtown,Burglary,3
2023-07-16,Downtown,Vandalism,4
2023-07-16,Downtown,Robbery,4
2023-07-17,Downtown,Theft,8
2023-07-17,Downtown,Assault,2
2023-07-17,Downtown,Burglary,5
2023-07-17,Downtown,Vandalism,6
2023-07-17,Downtown,Robbery,1
2023-07-18,Downtown,Theft,9
2023-07-18,Downtown,Assault,2
2023-07-18,Downtown,Burglary,6
2023-07-18,Downtown,Vandalism,3
2023-07-18,Downtown,Robbery,1
2023-07-19,Downtown,Theft,7
2023-07-19,Downtown,Burglary,3
2023-07-19,Downtown,Vandalism,6
2023-07-19,Downtown,Robbery,3
2023-07-20,Downtown,Theft,9
2023-07-20,Downtown,Assault,4
2023-07-20,Downtown,Burglary,3
2023-07-20,Downtown,Vandalism,3
2023-07-20,Downtown,Robbery,3
2023-07-21,Downtown,Theft,11
2023-07-21,Downtown,Assault,4
2023-07-21,Downtown,Burglary,1
2023-07-21,Downtown,Vandalism,4
2023-07-21,Downtown,Robbery,2
2023-07-22,Downtown,Theft,6
2023-07-22,Downtown,Assault,3
2023-07-22,Downtown,Burglary,10
2023-07-22,Downtown,Vandalism,3
2023-07-22,Downtown,Robbery,1
2023-07-23,Downtown,Theft,9
2023-07-23,Downtown,Assault,4
2023-07-23,Downtown,Burglary,5
2023-07-23,Downtown,Vandalism,3
2023-07-23,Downtown,Robbery,2
2023-07-24,Downtown,Theft,3
2023-07-24,Downtown,Assault,3
2023-07-24,Downtown,Burglary,5
2023-07-24,Downtown,Vandalism,6
2023-07-24,Downtown,Robbery,1
2023-07-25,Downtown,Theft,7
2023-07-25,Downtown,Assault,1
2023-07-25,Downtown,Burglary,3
2023-07-25,Downtown,Vandalism,5
2023-07-25,Downtown,Robbery,3
2023-07-26,Downtown,Theft,6
2023-07-26,Downtown,Assault,4
2023-07-26,Downtown,Burglary,6
2023-07-26,Downtown,Vandalism,3
2023-07-26,Downtown,Robbery,3
2023-07-27,Downtown,Theft,7
2023-07-27,Downtown,Assault,2
2023-07-27,Downtown,Burglary,4
2023-07-27,Downtown,Vandalism,5
2023-07-27,Downtown,Robbery,4
2023-07-28,Downtown,Theft,10
2023-07-28,Downtown,Burglary,8
2023-07-28,Downtown,Vandalism,4
2023-07-29,Downtown,Theft,11
2023-07-29,Downtown,Assault,5
2023-07-29,Downtown,Burglary,7
2023-07-29,Downtown,Vandalism,2
2023-07-29,Downtown,Robbery,3
2023-07-30,Downtown,Theft,11
2023-07-30,Downtown,Assault,2
2023-07-30,Downtown,Burglary,5
2023-07-30,Downtown,Vandalism,4
2023-07-31,Downtown,Theft,12
2023-07-31,Downtown,Assault,3
2023-07-31,Downtown,Burglary,5
2023-07-31,Downtown,Vandalism,2
2023-07-31,Downtown,Robbery,1
2023-08-01,Downtown,Theft,10
2023-08-01,Downtown,Assault,3
2023-08-01,Downtown,Burglary,5
2023-08-01,Downtown,Vandalism,4
2023-08-02,Downtown,Theft,5
2023-08-02,Downtown,Assault,3
2023-08-02,Downtown,Burglary,4
2023-08-02,Downtown,Vandalism,4
2023-08-02,Downtown,Robbery,6
2023-08-03,Downtown,Theft,6
2023-08-03,Downtown,Assault,7
2023-08-03,Downtown,Burglary,3
2023-08-03,Downtown,Vandalism,3
2023-08-03,Downtown,Robbery,1
2023-08-04,Downtown,Theft,11
2023-08-04,Downtown,Assault,3
2023-08-04,Downtown,Burglary,4
2023-08-04,Downtown,Vandalism,2
2023-08-04,Downtown,Robbery,2
2023-08-05,Downtown,Theft,9
2023-08-05,Downtown,Assault,1
2023-08-05,Downtown,Burglary,8
2023-08-05,Downtown,Robbery,1
2023-08-06,Downtown,Theft,9
2023-08-06,Downtown,Assault,2
2023-08-06,Downtown,Burglary,5
2023-08-06,Downtown,Vandalism,4
2023-08-07,Downtown,Theft,4
2023-08-07,Downtown,Assault,3
2023-08-07,Downtown,Burglary,5
2023-08-07,Downtown,Vandalism,3
2023-08-07,Downtown,Robbery,4
2023-08-08,Downtown,Theft,9
2023-08-08,Downtown,Assault,4
2023-08-08,Downtown,Burglary,3
2023-08-08,Downtown,Vandalism,3
2023-08-08,Downtown,Robbery,1
2023-08-09,Downtown,Theft,9
2023-08-09,Downtown,Assault,8
2023-08-09,Downtown,Burglary,1
2023-08-09,Downtown,Vandalism,3
2023-08-09,Downtown,Robbery,4
2023-08-10,Downtown,Theft,7
2023-08-10,Downtown,Assault,2
2023-08-10,Downtown,Burglary,4
2023-08-10,Downtown,Vandalism,2
2023-08-10,Downtown,Robbery,1
2023-08-11,Downtown,Theft,11
2023-08-11,Downtown,Assault,4
2023-08-11,Downtown,Burglary,2
2023-08-11,Downtown,Vandalism,3
2023-08-11,Downtown,Robbery,1
2023-08-12,Downtown,Theft,7
2023-08-12,Downtown,Assault,4
2023-08-12,Downtown,Burglary,2
2023-08-12,Downtown,Vandalism,2
2023-08-12,Downtown,Robbery,2
2023-08-13,Downtown,Theft,8
2023-08-13,Downtown,Assault,4
2023-08-13,Downtown,Burglary,2
2023-08-13,Downtown,Vandalism,2
2023-08-13,Downtown,Robbery,3
2023-08-14,Downtown,Theft,12
2023-08-14,Downtown,Assault,1
2023-08-14,Downtown,Burglary,3
2023-08-14,Downtown,Vandalism,1
2023-08-14,Downtown,Robbery,5
2023-08-15,Downtown,Theft,6
2023-08-15,Downtown,Assault,5
2023-08-15,Downtown,Burglary,4
2023-08-15,Downtown,Vandalism,4
2023-08-15,Downtown,Robbery,1
2023-08-16,Downtown,Theft,9
2023-08-16,Downtown,Assault,2
2023-08-16,Downtown,Burglary,3
2023-08-16,Downtown,Vandalism,2
2023-08-16,Downtown,Robbery,1
2023-08-17,Downtown,Theft,8
2023-08-17,Downtown,Assault,1
2023-08-17,Downtown,Burglary,4
2023-08-17,Downtown,Vandalism,1
2023-08-17,Downtown,Robbery,4
2023-08-18,Downtown,Theft,7
2023-08-18,Downtown,Assault,4
2023-08-18,Downtown,Burglary,4
2023-08-18,Downtown,Vandalism,3
2023-08-18,Downtown,Robbery,3
2023-08-19,Downtown,Theft,5
2023-08-19,Downtown,Assault,6
2023-08-19,Downtown,Burglary,3
2023-08-19,Downtown,Vandalism,3
2023-08-19,Downtown,Robbery,1
2023-08-20,Downtown,Theft,5
2023-08-20,Downtown,Assault,2
2023-08-20,Downtown,Burglary,6
2023-08-20,Downtown,Vandalism,5
2023-08-20,Downtown,Robbery,2
2023-08-21,Downtown,Theft,10
2023-08-21,Downtown,Assault,2
2023-08-21,Downtown,Burglary,2
2023-08-21,Downtown,Vandalism,3
2023-08-21,Downtown,Robbery,2
2023-08-22,Downtown,Theft,8
2023-08-22,Downtown,Assault,1
2023-08-22,Downtown,Burglary,3
2023-08-22,Downtown,Vandalism,6
2023-08-23,Downtown,Theft,11
2023-08-23,Downtown,Assault,4
2023-08-23,Downtown,Burglary,4
2023-08-23,Downtown,Vandalism,2
2023-08-23,Downtown,Robbery,3
2023-08-24,Downtown,Theft,10
2023-08-24,Downtown,Assault,3
2023-08-24,Downtown,Burglary,5
2023-08-24,Downtown,Vandalism,3
2023-08-25,Downtown,Theft,4
2023-08-25,Downtown,Assault,2
2023-08-25,Downtown,Burglary,2
2023-08-25,Downtown,Vandalism,4
2023-08-25,Downtown,Robbery,3
2023-08-26,Downtown,Theft,11
2023-08-26,Downtown,Burglary,2
2023-08-26,Downtown,Vandalism,4
2023-08-26,Downtown,Robbery,3
2023-08-27,Downtown,Theft,10
2023-08-27,Downtown,Assault,1
2023-08-27,Downtown,Burglary,3
2023-08-27,Downtown,Vandalism,4
2023-08-28,Downtown,Theft,6
2023-08-28,Downtown,Assault,8
2023-08-28,Downtown,Burglary,5
2023-08-28,Downtown,Vandalism,2
2023-08-29,Downtown,Theft,11
2023-08-29,Downtown,Assault,2
2023-08-29,Downtown,Burglary,3
2023-08-29,Downtown,Vandalism,1
2023-08-29,Downtown,Robbery,1
2023-08-30,Downtown,Theft,8
2023-08-30,Downtown,Assault,3
2023-08-30,Downtown,Burglary,4
2023-08-30,Downtown,Vandalism,3
2023-08-30,Downtown,Robbery,1
2023-08-31,Downtown,Theft,4
2023-08-31,Downtown,Assault,3
2023-08-31,Downtown,Burglary,7
2023-08-31,Downtown,Vandalism,5
2023-08-31,Downtown,Robbery,1
2023-09-01,Downtown,Theft,9
2023-09-01,Downtown,Assault,6
2023-09-01,Downtown,Burglary,1
2023-09-01,Downtown,Vandalism,3
2023-09-01,Downtown,Robbery,2
2023-09-02,Downtown,Theft,6
2023-09-02,Downtown,Assault,4
2023-09-02,Downtown,Burglary,2
2023-09-02,Downtown,Vandalism,2
2023-09-02,Downtown,Robbery,3
2023-09-03,Downtown,Theft,9
2023-09-03,Downtown,Assault,4
2023-09-03,Downtown,Burglary,3
2023-09-03,Downtown,Vandalism,1
2023-09-03,Downtown,Robbery,1
2023-09-04,Downtown,Theft,8
2023-09-04,Downtown,Assault,4
2023-09-04,Downtown,Burglary,3
2023-09-04,Downtown,Vandalism,3
2023-09-05,Downtown,Theft,10
2023-09-05,Downtown,Assault,3
2023-09-05,Downtown,Burglary,3
2023-09-05,Downtown,Vandalism,2
2023-09-06,Downtown,Theft,10
2023-09-06,Downtown,Assault,3
2023-09-06,Downtown,Burglary,5
2023-09-06,Downtown,Vandalism,4
2023-09-07,Downtown,Theft,9
2023-09-07,Downtown,Assault,8
2023-09-07,Downtown,Robbery,3
2023-09-08,Downtown,Theft,6
2023-09-08,Downtown,Assault,4
2023-09-08,Downtown,Burglary,4
2023-09-08,Downtown,Vandalism,1
2023-09-08,Downtown,Robbery,1
2023-09-09,Downtown,Theft,10
2023-09-09,Downtown,Assault,4
2023-09-09,Downtown,Burglary,3
2023-09-09,Downtown,Vandalism,3
2023-09-09,Downtown,Robbery,1
2023-09-10,Downtown,Theft,10
2023-09-10,Downtown,Assault,5
2023-09-10,Downtown,Burglary,5
2023-09-10,Downtown,Vandalism,1
2023-09-10,Downtown,Robbery,2
2023-09-11,Downtown,Theft,8
2023-09-11,Downtown,Assault,5
2023-09-11,Downtown,Burglary,2
2023-09-11,Downtown,Vandalism,3
2023-09-11,Downtown,Robbery,3
2023-09-12,Downtown,Theft,2
2023-09-12,Downtown,Assault,3
2023-09-12,Downtown,Burglary,4
2023-09-12,Downtown,Vandalism,5
2023-09-12,Downtown,Robbery,2
2023-09-13,Downtown,Theft,8
2023-09-13,Downtown,Assault,2
2023-09-13,Downtown,Burglary,3
2023-09-13,Downtown,Vandalism,4
2023-09-13,Downtown,Robbery,1
2023-09-14,Downtown,Theft,8
2023-09-14,Downtown,Assault,2
2023-09-14,Downtown,Burglary,3
2023-09-14,Downtown,Vandalism,4
2023-09-14,Downtown,Robbery,4
2023-09-15,Downtown,Theft,8
2023-09-15,Downtown,Assault,3
2023-09-15,Downtown,Burglary,3
2023-09-15,Downtown,Vandalism,2
2023-09-15,Downtown,Robbery,1
2023-09-16,Downtown,Theft,10
2023-09-16,Downtown,Assault,2
2023-09-16,Downtown,Burglary,3
2023-09-16,Downtown,Vandalism,5
2023-09-17,Downtown,Theft,7
2023-09-17,Downtown,Assault,3
2023-09-17,Downtown,Burglary,4
2023-09-17,Downtown,Vandalism,3
2023-09-17,Downtown,Robbery,3
2023-09-18,Downtown,Theft,7
2023-09-18,Downtown,Assault,3
2023-09-18,Downtown,Burglary,4
2023-09-18,Downtown,Vandalism,1
2023-09-18,Downtown,Robbery,2
2023-09-19,Downtown,Theft,9
2023-09-19,Downtown,Assault,5
2023-09-19,Downtown,Vandalism,4
2023-09-19,Downtown,Robbery,1
2023-09-20,Downtown,Theft,1
2023-09-20,Downtown,Assault,3
2023-09-20,Downtown,Burglary,5
2023-09-20,Downtown,Vandalism,2
2023-09-20,Downtown,Robbery,1
2023-09-21,Downtown,Theft,10
2023-09-21,Downtown,Burglary,5
2023-09-21,Downtown,Vandalism,2
2023-09-22,Downtown,Theft,5
2023-09-22,Downtown,Assault,3
2023-09-22,Downtown,Burglary,3
2023-09-22,Downtown,Vandalism,5
2023-09-22,Downtown,Robbery,2
2023-09-23,Downtown,Theft,5
2023-09-23,Downtown,Assault,4
2023-09-23,Downtown,Burglary,3
2023-09-23,Downtown,Vandalism,3
2023-09-23,Downtown,Robbery,1
2023-09-24,Downtown,Theft,9
2023-09-24,Downtown,Assault,4
2023-09-24,Downtown,Burglary,3
2023-09-24,Downtown,Vandalism,4
2023-09-24,Downtown,Robbery,2
2023-09-25,Downtown,Theft,4
2023-09-25,Downtown,Assault,2
2023-09-25,Downtown,Burglary,5
2023-09-25,Downtown,Vandalism,4
2023-09-25,Downtown,Robbery,1
2023-09-26,Downtown,Theft,7
2023-09-26,Downtown,Assault,3
2023-09-26,Downtown,Burglary,2
2023-09-26,Downtown,Vandalism,3
2023-09-26,Downtown,Robbery,3
2023-09-27,Downtown,Theft,6
2023-09-27,Downtown,Assault,6
2023-09-27,Downtown,Burglary,3
2023-09-27,Downtown,Vandalism,2
2023-09-27,Downtown,Robbery,2
2023-09-28,Downtown,Theft,9
2023-09-28,Downtown,Assault,1
2023-09-28,Downtown,Burglary,6
2023-09-28,Downtown,Vandalism,2
2023-09-28,Downtown,Robbery,4
2023-09-29,Downtown,Theft,7
2023-09-29,Downtown,Assault,3
2023-09-29,Downtown,Burglary,4
2023-09-29,Downtown,Vandalism,2
2023-09-30,Downtown,Theft,7
2023-09-30,Downtown,Assault,4
2023-09-30,Downtown,Burglary,4
2023-09-30,Downtown,Vandalism,2
2023-09-30,Downtown,Robbery,4
2023-10-01,Downtown,Theft,10
2023-10-01,Downtown,Assault,2
2023-10-01,Downtown,Burglary,2
2023-10-01,Downtown,Vandalism,2
2023-10-01,Downtown,Robbery,3
2023-10-02,Downtown,Theft,6
2023-10-02,Downtown,Assault,4
2023-10-02,Downtown,Burglary,3
2023-10-02,Downtown,Vandalism,2
2023-10-02,Downtown,Robbery,2
2023-10-03,Downtown,Theft,5
2023-10-03,Downtown,Assault,4
2023-10-03,Downtown,Burglary,5
2023-10-03,Downtown,Vandalism,3
2023-10-03,Downtown,Robbery,3
2023-10-04,Downtown,Theft,6
2023-10-04,Downtown,Assault,4
2023-10-04,Downtown,Burglary,6
2023-10-04,Downtown,Vandalism,2
2023-10-04,Downtown,Robbery,1
2023-10-05,Downtown,Theft,5
2023-10-05,Downtown,Burglary,6
2023-10-05,Downtown,Vandalism,4
2023-10-05,Downtown,Robbery,3
2023-10-06,Downtown,Theft,8
2023-10-06,Downtown,Assault,2
2023-10-06,Downtown,Burglary,4
2023-10-06,Downtown,Vandalism,3
2023-10-06,Downtown,Robbery,2
2023-10-07,Downtown,Theft,7
2023-10-07,Downtown,Assault,6
2023-10-07,Downtown,Burglary,1
2023-10-07,Downtown,Vandalism,2
2023-10-07,Downtown,Robbery,2
2023-10-08,Downtown,Theft,7
2023-10-08,Downtown,Assault,3
2023-10-08,Downtown,Burglary,5
2023-10-08,Downtown,Vandalism,2
2023-10-08,Downtown,Robbery,2
2023-10-09,Downtown,Theft,13
2023-10-09,Downtown,Burglary,1
2023-10-09,Downtown,Vandalism,3
2023-10-09,Downtown,Robbery,3
2023-10-10,Downtown,Theft,9
2023-10-10,Downtown,Assault,2
2023-10-10,Downtown,Burglary,3
2023-10-10,Downtown,Vandalism,7
2023-10-10,Downtown,Robbery,1
2023-10-11,Downtown,Theft,9
2023-10-11,Downtown,Assault,1
2023-10-11,Downtown,Burglary,2
2023-10-11,Downtown,Vandalism,3
2023-10-11,Downtown,Robbery,1
2023-10-12,Downtown,Theft,8
2023-10-12,Downtown,Assault,1
2023-10-12,Downtown,Burglary,6
2023-10-12,Downtown,Vandalism,7
2023-10-12,Downtown,Robbery,1
2023-10-13,Downtown,Theft,8
2023-10-13,Downtown,Assault,1
2023-10-13,Downtown,Burglary,3
2023-10-13,Downtown,Vandalism,1
2023-10-13,Downtown,Robbery,2
2023-10-14,Downtown,Theft,8
2023-10-14,Downtown,Assault,3
2023-10-14,Downtown,Burglary,3
2023-10-14,Downtown,Vandalism,4
2023-10-14,Downtown,Robbery,1
2023-10-15,Downtown,Theft,9
2023-10-15,Downtown,Assault,7
2023-10-15,Downtown,Burglary,2
2023-10-15,Downtown,Vandalism,1
2023-10-15,Downtown,Robbery,1
2023-10-16,Downtown,Theft,9
2023-10-16,Downtown,Assault,3
2023-10-16,Downtown,Burglary,1
2023-10-16,Downtown,Vandalism,4
2023-10-16,Downtown,Robbery,3
2023-10-17,Downtown,Theft,11
2023-10-17,Downtown,Assault,1
2023-10-17,Downtown,Burglary,3
2023-10-17,Downtown,Vandalism,3
2023-10-18,Downtown,Theft,8
2023-10-18,Downtown,Assault,1
2023-10-18,Downtown,Burglary,4
2023-10-18,Downtown,Vandalism,3
2023-10-18,Downtown,Robbery,3
2023-10-19,Downtown,Theft,6
2023-10-19,Downtown,Assault,4
2023-10-19,Downtown,Burglary,5
2023-10-19,Downtown,Vandalism,1
2023-10-19,Downtown,Robbery,2
2023-10-20,Downtown,Theft,6
2023-10-20,Downtown,Assault,3
2023-10-20,Downtown,Burglary,2
2023-10-20,Downtown,Vandalism,1
2023-10-20,Downtown,Robbery,6
2023-10-21,Downtown,Theft,12
2023-10-21,Downtown,Assault,2
2023-10-21,Downtown,Burglary,4
2023-10-21,Downtown,Vandalism,2
2023-10-21,Downtown,Robbery,1
2023-10-22,Downtown,Theft,9
2023-10-22,Downtown,Assault,1
2023-10-22,Downtown,Burglary,6
2023-10-22,Downtown,Vandalism,4
2023-10-23,Downtown,Theft,9
2023-10-23,Downtown,Assault,3
2023-10-23,Downtown,Burglary,3
2023-10-23,Downtown,Vandalism,3
2023-10-24,Downtown,Theft,7
2023-10-24,Downtown,Assault,2
2023-10-24,Downtown,Burglary,5
2023-10-24,Downtown,Vandalism,6
2023-10-24,Downtown,Robbery,1
2023-10-25,Downtown,Theft,11
2023-10-25,Downtown,Assault,2
2023-10-25,Downtown,Burglary,2
2023-10-25,Downtown,Vandalism,3
2023-10-25,Downtown,Robbery,2
2023-10-26,Downtown,Theft,8
2023-10-26,Downtown,Assault,4
2023-10-26,Downtown,Burglary,4
2023-10-26,Downtown,Vandalism,1
2023-10-26,Downtown,Robbery,4
2023-10-27,Downtown,Theft,8
2023-10-27,Downtown,Assault,7
2023-10-27,Downtown,Burglary,4
2023-10-27,Downtown,Vandalism,2
2023-10-28,Downtown,Theft,10
2023-10-28,Downtown,Assault,1
2023-10-28,Downtown,Burglary,4
2023-10-28,Downtown,Vandalism,2
2023-10-28,Downtown,Robbery,1
2023-10-29,Downtown,Theft,10
2023-10-29,Downtown,Assault,4
2023-10-29,Downtown,Burglary,3
2023-10-29,Downtown,Vandalism,1
2023-10-29,Downtown,Robbery,1
2023-10-30,Downtown,Theft,7
2023-10-30,Downtown,Assault,1
2023-10-30,Downtown,Burglary,5
2023-10-30,Downtown,Vandalism,6
2023-10-30,Downtown,Robbery,2
2023-10-31,Downtown,Theft,10
2023-10-31,Downtown,Assault,2
2023-10-31,Downtown,Burglary,7
2023-10-31,Downtown,Vandalism,1
2023-10-31,Downtown,Robbery,1
2023-11-01,Downtown,Theft,10
2023-11-01,Downtown,Assault,1
2023-11-01,Downtown,Burglary,6
2023-11-01,Downtown,Vandalism,1
2023-11-01,Downtown,Robbery,2
2023-11-02,Downtown,Theft,8
2023-11-02,Downtown,Assault,3
2023-11-02,Downtown,Burglary,5
2023-11-02,Downtown,Vandalism,3
2023-11-02,Downtown,Robbery,1
2023-11-03,Downtown,Theft,9
2023-11-03,Downtown,Assault,3
2023-11-03,Downtown,Burglary,3
2023-11-03,Downtown,Vandalism,5
2023-11-03,Downtown,Robbery,3
2023-11-04,Downtown,Theft,4
2023-11-04,Downtown,Assault,1
2023-11-04,Downtown,Burglary,4
2023-11-04,Downtown,Vandalism,3
2023-11-04,Downtown,Robbery,7
2023-11-05,Downtown,Theft,9
2023-11-05,Downtown,Assault,6
2023-11-05,Downtown,Burglary,2
2023-11-05,Downtown,Vandalism,3
2023-11-05,Downtown,Robbery,1
2023-11-06,Downtown,Theft,8
2023-11-06,Downtown,Assault,3
2023-11-06,Downtown,Burglary,2
2023-11-06,Downtown,Vandalism,4
2023-11-06,Downtown,Robbery,3
2023-11-07,Downtown,Theft,6
2023-11-07,Downtown,Assault,4
2023-11-07,Downtown,Burglary,5
2023-11-07,Downtown,Vandalism,4
2023-11-07,Downtown,Robbery,1
2023-11-08,Downtown,Theft,6
2023-11-08,Downtown,Assault,6
2023-11-08,Downtown,Burglary,5
2023-11-08,Downtown,Vandalism,5
2023-11-08,Downtown,Robbery,1
2023-11-09,Downtown,Theft,15
2023-11-09,Downtown,Burglary,4
2023-11-09,Downtown,Robbery,3
2023-11-10,Downtown,Theft,7
2023-11-10,Downtown,Assault,2
2023-11-10,Downtown,Burglary,4
2023-11-10,Downtown,Vandalism,6
2023-11-10,Downtown,Robbery,3
2023-11-11,Downtown,Theft,6
2023-11-11,Downtown,Assault,5
2023-11-11,Downtown,Burglary,3
2023-11-11,Downtown,Vandalism,5
2023-11-11,Downtown,Robbery,4
2023-11-12,Downtown,Theft,15
2023-11-12,Downtown,Assault,2
2023-11-12,Downtown,Burglary,2
2023-11-12,Downtown,Vandalism,2
2023-11-13,Downtown,Theft,9
2023-11-13,Downtown,Assault,3
2023-11-13,Downtown,Burglary,4
2023-11-13,Downtown,Vandalism,5
2023-11-13,Downtown,Robbery,1
2023-11-14,Downtown,Theft,11
2023-11-14,Downtown,Assault,2
2023-11-14,Downtown,Burglary,2
2023-11-14,Downtown,Vandalism,3
2023-11-14,Downtown,Robbery,2
2023-11-15,Downtown,Theft,8
2023-11-15,Downtown,Assault,5
2023-11-15,Downtown,Burglary,4
2023-11-15,Downtown,Vandalism,2
2023-11-15,Downtown,Robbery,2
2023-11-16,Downtown,Theft,4
2023-11-16,Downtown,Assault,4
2023-11-16,Downtown,Burglary,6
2023-11-16,Downtown,Vandalism,7
2023-11-17,Downtown,Theft,7
2023-11-17,Downtown,Assault,5
2023-11-17,Downtown,Burglary,2
2023-11-17,Downtown,Vandalism,4
2023-11-17,Downtown,Robbery,3
2023-11-18,Downtown,Theft,7
2023-11-18,Downtown,Burglary,5
2023-11-18,Downtown,Vandalism,3
2023-11-18,Downtown,Robbery,7
2023-11-19,Downtown,Theft,9
2023-11-19,Downtown,Assault,5
2023-11-19,Downtown,Burglary,2
2023-11-19,Downtown,Vandalism,3
2023-11-20,Downtown,Theft,10
2023-11-20,Downtown,Assault,3
2023-11-20,Downtown,Burglary,7
2023-11-20,Downtown,Vandalism,4
2023-11-20,Downtown,Robbery,1
2023-11-21,Downtown,Theft,8
2023-11-21,Downtown,Assault,1
2023-11-21,Downtown,Burglary,4
2023-11-21,Downtown,Vandalism,3
2023-11-21,Downtown,Robbery,3
2023-11-22,Downtown,Theft,7
2023-11-22,Downtown,Assault,2
2023-11-22,Downtown,Burglary,4
2023-11-22,Downtown,Vandalism,4
2023-11-22,Downtown,Robbery,2
2023-11-23,Downtown,Theft,11
2023-11-23,Downtown,Assault,5
2023-11-23,Downtown,Burglary,6
2023-11-23,Downtown,Vandalism,1
2023-11-23,Downtown,Robbery,1
2023-11-24,Downtown,Theft,8
2023-11-24,Downtown,Assault,5
2023-11-24,Downtown,Burglary,4
2023-11-24,Downtown,Vandalism,4
2023-11-24,Downtown,Robbery,2
2023-11-25,Downtown,Theft,12
2023-11-25,Downtown,Burglary,7
2023-11-25,Downtown,Vandalism,3
2023-11-25,Downtown,Robbery,1
2023-11-26,Downtown,Theft,10
2023-11-26,Downtown,Assault,4
2023-11-26,Downtown,Burglary,6
2023-11-26,Downtown,Vandalism,2
2023-11-26,Downtown,Robbery,1
2023-11-27,Downtown,Theft,9
2023-11-27,Downtown,Assault,1
2023-11-27,Downtown,Burglary,5
2023-11-27,Downtown,Vandalism,6
2023-11-27,Downtown,Robbery,1
2023-11-28,Downtown,Theft,9
2023-11-28,Downtown,Assault,3
2023-11-28,Downtown,Burglary,4
2023-11-28,Downtown,Vandalism,4
2023-11-29,Downtown,Theft,6
2023-11-29,Downtown,Assault,5
2023-11-29,Downtown,Burglary,3
2023-11-29,Downtown,Vandalism,7
2023-11-29,Downtown,Robbery,1
2023-11-30,Downtown,Theft,4
2023-11-30,Downtown,Assault,7
2023-11-30,Downtown,Burglary,5
2023-11-30,Downtown,Vandalism,3
2023-11-30,Downtown,Robbery,2
2023-12-01,Downtown,Theft,8
2023-12-01,Downtown,Assault,3
2023-12-01,Downtown,Burglary,7
2023-12-01,Downtown,Vandalism,3
2023-12-01,Downtown,Robbery,3
2023-12-02,Downtown,Theft,7
2023-12-02,Downtown,Assault,2
2023-12-02,Downtown,Burglary,3
2023-12-02,Downtown,Vandalism,5
2023-12-02,Downtown,Robbery,5
2023-12-03,Downtown,Theft,10
2023-12-03,Downtown,Assault,2
2023-12-03,Downtown,Burglary,1
2023-12-03,Downtown,Vandalism,7
2023-12-03,Downtown,Robbery,1
2023-12-04,Downtown,Theft,13
2023-12-04,Downtown,Assault,1
2023-12-04,Downtown,Burglary,5
2023-12-04,Downtown,Vandalism,2
2023-12-04,Downtown,Robbery,1
2023-12-05,Downtown,Theft,8
2023-12-05,Downtown,Assault,2
2023-12-05,Downtown,Burglary,4
2023-12-05,Downtown,Vandalism,5
2023-12-05,Downtown,Robbery,4
2023-12-06,Downtown,Theft,10
2023-12-06,Downtown,Assault,3
2023-12-06,Downtown,Burglary,4
2023-12-06,Downtown,Vandalism,4
2023-12-07,Downtown,Theft,13
2023-12-07,Downtown,Assault,3
2023-12-07,Downtown,Burglary,2
2023-12-07,Downtown,Robbery,3
2023-12-08,Downtown,Theft,10
2023-12-08,Downtown,Assault,3
2023-12-08,Downtown,Burglary,5
2023-12-08,Downtown,Vandalism,2
2023-12-08,Downtown,Robbery,3
2023-12-09,Downtown,Theft,10
2023-12-09,Downtown,Assault,2
2023-12-09,Downtown,Burglary,4
2023-12-09,Downtown,Vandalism,2
2023-12-09,Downtown,Robbery,5
2023-12-10,Downtown,Theft,7
2023-12-10,Downtown,Assault,3
2023-12-10,Downtown,Burglary,5
2023-12-10,Downtown,Vandalism,4
2023-12-10,Downtown,Robbery,3
2023-12-11,Downtown,Theft,9
2023-12-11,Downtown,Assault,6
2023-12-11,Downtown,Burglary,2
2023-12-11,Downtown,Vandalism,4
2023-12-11,Downtown,Robbery,1
2023-12-12,Downtown,Theft,8
2023-12-12,Downtown,Assault,6
2023-12-12,Downtown,Burglary,5
2023-12-12,Downtown,Vandalism,4
2023-12-12,Downtown,Robbery,1
2023-12-13,Downtown,Theft,10
2023-12-13,Downtown,Assault,4
2023-12-13,Downtown,Burglary,4
2023-12-13,Downtown,Robbery,2
2023-12-14,Downtown,Theft,7
2023-12-14,Downtown,Assault,5
2023-12-14,Downtown,Burglary,4
2023-12-14,Downtown,Vandalism,2
2023-12-14,Downtown,Robbery,3
2023-12-15,Downtown,Theft,10
2023-12-15,Downtown,Assault,4
2023-12-15,Downtown,Burglary,4
2023-12-15,Downtown,Vandalism,3
2023-12-15,Downtown,Robbery,1
2023-12-16,Downtown,Theft,9
2023-12-16,Downtown,Assault,7
2023-12-16,Downtown,Burglary,5
2023-12-16,Downtown,Vandalism,2
2023-12-17,Downtown,Theft,7
2023-12-17,Downtown,Assault,2
2023-12-17,Downtown,Burglary,8
2023-12-17,Downtown,Vandalism,3
2023-12-17,Downtown,Robbery,4
2023-12-18,Downtown,Theft,9
2023-12-18,Downtown,Assault,4
2023-12-18,Downtown,Burglary,8
2023-12-18,Downtown,Vandalism,3
2023-12-18,Downtown,Robbery,3
2023-12-19,Downtown,Theft,11
2023-12-19,Downtown,Assault,4
2023-12-19,Downtown,Burglary,5
2023-12-19,Downtown,Vandalism,4
2023-12-19,Downtown,Robbery,2
2023-12-20,Downtown,Theft,10
2023-12-20,Downtown,Assault,4
2023-12-20,Downtown,Burglary,6
2023-12-20,Downtown,Vandalism,2
2023-12-20,Downtown,Robbery,2
2023-12-21,Downtown,Theft,11
2023-12-21,Downtown,Assault,2
2023-12-21,Downtown,Burglary,5
2023-12-21,Downtown,Vandalism,6
2023-12-22,Downtown,Theft,7
2023-12-22,Downtown,Assault,5
2023-12-22,Downtown,Burglary,8
2023-12-22,Downtown,Vandalism,2
2023-12-23,Downtown,Theft,9
2023-12-23,Downtown,Assault,5
2023-12-23,Downtown,Burglary,3
2023-12-23,Downtown,Vandalism,4
2023-12-23,Downtown,Robbery,3
2023-12-24,Downtown,Theft,11
2023-12-24,Downtown,Assault,4
2023-12-24,Downtown,Burglary,3
2023-12-24,Downtown,Vandalism,4
2023-12-24,Downtown,Robbery,2
2023-12-25,Downtown,Theft,12
2023-12-25,Downtown,Assault,3
2023-12-25,Downtown,Burglary,1
2023-12-25,Downtown,Vandalism,4
2023-12-25,Downtown,Robbery,5
2023-12-26,Downtown,Theft,5
2023-12-26,Downtown,Assault,6
2023-12-26,Downtown,Burglary,4
2023-12-26,Downtown,Vandalism,2
2023-12-26,Downtown,Robbery,6
2023-12-27,Downtown,Theft,10
2023-12-27,Downtown,Assault,3
2023-12-27,Downtown,Burglary,4
2023-12-27,Downtown,Vandalism,6
2023-12-27,Downtown,Robbery,3
2023-12-28,Downtown,Theft,14
2023-12-28,Downtown,Assault,8
2023-12-28,Downtown,Burglary,2
2023-12-28,Downtown,Vandalism,3
2023-12-28,Downtown,Robbery,1
2023-12-29,Downtown,Theft,11
2023-12-29,Downtown,Assault,5
2023-12-29,Downtown,Burglary,4
2023-12-29,Downtown,Vandalism,3
2023-12-29,Downtown,Robbery,2
2023-12-30,Downtown,Theft,10
2023-12-30,Downtown,Assault,5
2023-12-30,Downtown,Burglary,1
2023-12-30,Downtown,Vandalism,6
2023-12-30,Downtown,Robbery,4
2023-12-31,Downtown,Theft,9
2023-12-31,Downtown,Assault,6
2023-12-31,Downtown,Burglary,3
2023-12-31,Downtown,Vandalism,5
2023-12-31,Downtown,Robbery,3
